{
  "Component-dbg.js": 1602265316000,
  "Custom/MyButton.js": 1602517499000,
  "model/models.js": 1602265316000,
  "controller/View2.controller.js": 1602523620000,
  "controller/View1.controller.js": 1602523739000,
  "controller/App.controller.js": 1602519536000,
  "manifest.json": 1602572311825,
  "Component.js": 1602265316000,
  "manifest-bundle.zip": 1602572311615,
  "Component-preload.js": 1602572311788,
  "Custom/MyButton-dbg.js": 1602517499000,
  "controller/View2-dbg.controller.js": 1602523620000,
  "controller/View1-dbg.controller.js": 1602523739000,
  "controller/App-dbg.controller.js": 1602519536000,
  "model/models-dbg.js": 1602265316000,
  "i18n/i18n.properties": 1602265316000,
  "resources.json": 1602572311828,
  "view/View2.view.xml": 1602522702000,
  "view/View1.view.xml": 1602524789000,
  "view/App.view.xml": 1602518878000,
  "css/style.css": 1602265316000,
  "Fragments/MyDialogFragment.fragment.xml": 1602512738000,
  "index.html": 1602512095000
}